{
  "$schema": "https://biomejs.dev/schemas/1.8.2/schema.json",
  "vcs": {
    "enabled": true,
    "clientKind": "git",
    "useIgnoreFile": true,
    "defaultBranch": "main"
  },
  "files": {
    "ignore": [
      "node_modules",
      ".cache",
      "build",
      "public",
      "styles",
      "perf",
      "cypress",
      "storybook-static",
      "./perf/*",
      "./build/*",
      "**/.env",
      "**/package.json"
    ]
  },
  "formatter": {
    "enabled": true,
    "formatWithErrors": false,
    "indentStyle": "space",
    "indentWidth": 2,
    "lineEnding": "lf",
    "lineWidth": 80,
    "attributePosition": "auto"
  },
  "organizeImports": {
    "enabled": true
  },
  "linter": {
    "enabled": true,
    "rules": {
      "recommended": true,
      "a11y": {
        "useKeyWithClickEvents": "off",
        "useButtonType": "off",
        "useValidAnchor": "off",
        "noSvgWithoutTitle": "off"
      },
      "complexity": {
        "noForEach": "off"
      },
      "performance": {
        "noAccumulatingSpread": "off"
      },
      "security": {
        "noDangerouslySetInnerHtml": "off"
      },
      "suspicious": {
        "noConsoleLog": "error"
      },
      "correctness": {
        "noUnusedVariables": "error",
        "noUnusedImports": "error"
      },
      "style": {
        "useEnumInitializers": "off"
      }
    }
  },
  "javascript": {
    "globals": [
      "expect",
      "it",
      "describe",
      "test",
      "before",
      "beforeEach",
      "beforeAll",
      "vi",
      "cy",
      "Cypress",
      "React"
    ],
    "jsxRuntime": "transparent",
    "formatter": {
      "jsxQuoteStyle": "double",
      "quoteProperties": "asNeeded",
      "semicolons": "always",
      "arrowParentheses": "always",
      "bracketSpacing": true,
      "bracketSameLine": false,
      "quoteStyle": "single",
      "attributePosition": "auto"
    }
  }
}
